{
  "experiment_id": "20250914_080146",
  "timestamp": "2025-09-14T08:03:19.633548",
  "model_name": "cnn",
  "data_params": {
    "n_samples": 20000,
    "engineering_fraction_train": 0.5,
    "engineering_fraction_test": 0.02,
    "split_type": "random",
    "train_size": 16000,
    "test_size": 4000,
    "train_methods": {
      "natural": 8000,
      "random_substitution": 8000
    },
    "test_methods": {
      "natural": 3920,
      "random_substitution": 80
    }
  },
  "model_params": {
    "max_len": 200,
    "epochs": 10,
    "batch_size": 32,
    "use_improved": false,
    "use_test_aware_weights": true,
    "optimal_threshold": 0.8
  },
  "results": {
    "overall": {
      "model": {
        "accuracy": 0.0465,
        "precision": 0.020298047276464542,
        "recall": 0.9875,
        "f1": 0.039778449144008056
      },
      "naive": {
        "accuracy": 0.9615,
        "precision": 0.02564102564102564,
        "recall": 0.025,
        "f1": 0.02531645569620253
      },
      "positive_fraction": 0.02
    },
    "by_engineering_method": {
      "model": {
        "accuracy": 0.0465,
        "precision": 0.020298047276464542,
        "recall": 0.9875,
        "f1": 0.039778449144008056
      },
      "naive": {
        "accuracy": 0.9615,
        "precision": 0.02564102564102564,
        "recall": 0.025,
        "f1": 0.02531645569620253
      },
      "positive_fraction": 0.02,
      "subgroups": {
        "model": {
          "natural": {
            "accuracy": 0.02729591836734694,
            "precision": 0.0,
            "recall": 0.0,
            "f1": 0.0,
            "n_samples": "3920"
          },
          "random_substitution": {
            "accuracy": 0.9875,
            "precision": 1.0,
            "recall": 0.9875,
            "f1": 0.9937106918238994,
            "n_samples": "80"
          }
        },
        "naive": {
          "natural": {
            "accuracy": 0.9806122448979592,
            "precision": 0.0,
            "recall": 0.0,
            "f1": 0.0,
            "n_samples": "3920"
          },
          "random_substitution": {
            "accuracy": 0.025,
            "precision": 1.0,
            "recall": 0.025,
            "f1": 0.04878048780487805,
            "n_samples": "80"
          }
        }
      }
    },
    "by_length_bin": {
      "model": {
        "accuracy": 0.0465,
        "precision": 0.020298047276464542,
        "recall": 0.9875,
        "f1": 0.039778449144008056
      },
      "naive": {
        "accuracy": 0.9615,
        "precision": 0.02564102564102564,
        "recall": 0.025,
        "f1": 0.02531645569620253
      },
      "positive_fraction": 0.02,
      "subgroups": {
        "model": {
          "short": {
            "accuracy": 0.18518518518518517,
            "precision": 0.020833333333333332,
            "recall": 0.875,
            "f1": 0.040697674418604654,
            "n_samples": "405"
          },
          "medium": {
            "accuracy": 0.029575504523312455,
            "precision": 0.019338959212376935,
            "recall": 1.0,
            "f1": 0.03794411866160745,
            "n_samples": "2874"
          },
          "long": {
            "accuracy": 0.036061026352288486,
            "precision": 0.023876404494382022,
            "recall": 1.0,
            "f1": 0.04663923182441701,
            "n_samples": "721"
          }
        },
        "naive": {
          "short": {
            "accuracy": 0.9654320987654321,
            "precision": 0.125,
            "recall": 0.125,
            "f1": 0.125,
            "n_samples": "405"
          },
          "medium": {
            "accuracy": 0.9627696590118302,
            "precision": 0.018518518518518517,
            "recall": 0.01818181818181818,
            "f1": 0.01834862385321101,
            "n_samples": "2874"
          },
          "long": {
            "accuracy": 0.9542302357836339,
            "precision": 0.0,
            "recall": 0.0,
            "f1": 0.0,
            "n_samples": "721"
          }
        }
      }
    },
    "by_virus_key": {
      "model": {
        "accuracy": 0.0465,
        "precision": 0.020298047276464542,
        "recall": 0.9875,
        "f1": 0.039778449144008056
      },
      "naive": {
        "accuracy": 0.9615,
        "precision": 0.02564102564102564,
        "recall": 0.025,
        "f1": 0.02531645569620253
      },
      "positive_fraction": 0.02,
      "subgroups": {
        "model": {
          "human_coronavirus_oc43_nc_0062131": {
            "accuracy": 0.04024144869215292,
            "precision": 0.014462809917355372,
            "recall": 1.0,
            "f1": 0.028513238289205704,
            "n_samples": "994"
          },
          "human_metapneumovirus_nc_0041482": {
            "accuracy": 0.051255230125523014,
            "precision": 0.016268980477223426,
            "recall": 1.0,
            "f1": 0.032017075773746,
            "n_samples": "956"
          },
          "human_rhinovirus_b_nc_0014901": {
            "accuracy": 0.03788634097706879,
            "precision": 0.017329255861365953,
            "recall": 0.9444444444444444,
            "f1": 0.03403403403403404,
            "n_samples": "1003"
          },
          "human_rhinovirus_a_nc_0014901": {
            "accuracy": 0.05635148042024833,
            "precision": 0.03232125367286973,
            "recall": 1.0,
            "f1": 0.06261859582542695,
            "n_samples": "1047"
          }
        },
        "naive": {
          "human_coronavirus_oc43_nc_0062131": {
            "accuracy": 0.96579476861167,
            "precision": 0.0,
            "recall": 0.0,
            "f1": 0.0,
            "n_samples": "994"
          },
          "human_metapneumovirus_nc_0041482": {
            "accuracy": 0.9623430962343096,
            "precision": 0.0,
            "recall": 0.0,
            "f1": 0.0,
            "n_samples": "956"
          },
          "human_rhinovirus_b_nc_0014901": {
            "accuracy": 0.9720837487537388,
            "precision": 0.14285714285714285,
            "recall": 0.1111111111111111,
            "f1": 0.125,
            "n_samples": "1003"
          },
          "human_rhinovirus_a_nc_0014901": {
            "accuracy": 0.9465138490926457,
            "precision": 0.0,
            "recall": 0.0,
            "f1": 0.0,
            "n_samples": "1047"
          }
        }
      }
    },
    "by_virus_family": {
      "model": {
        "accuracy": 0.0465,
        "precision": 0.020298047276464542,
        "recall": 0.9875,
        "f1": 0.039778449144008056
      },
      "naive": {
        "accuracy": 0.9615,
        "precision": 0.02564102564102564,
        "recall": 0.025,
        "f1": 0.02531645569620253
      },
      "positive_fraction": 0.02,
      "subgroups": {
        "model": {
          "coronavirus": {
            "accuracy": 0.04024144869215292,
            "precision": 0.014462809917355372,
            "recall": 1.0,
            "f1": 0.028513238289205704,
            "n_samples": "994"
          },
          "unknown": {
            "accuracy": 0.036131774707757705,
            "precision": 0.0,
            "recall": 0.0,
            "f1": 0.0,
            "n_samples": "941"
          },
          "picornavirus": {
            "accuracy": 0.04731707317073171,
            "precision": 0.024975024975024976,
            "recall": 0.9803921568627451,
            "f1": 0.04870920603994155,
            "n_samples": "2050"
          },
          "paramyxovirus": {
            "accuracy": 1.0,
            "precision": 1.0,
            "recall": 1.0,
            "f1": 1.0,
            "n_samples": "15"
          }
        },
        "naive": {
          "coronavirus": {
            "accuracy": 0.96579476861167,
            "precision": 0.0,
            "recall": 0.0,
            "f1": 0.0,
            "n_samples": "994"
          },
          "unknown": {
            "accuracy": 0.9776833156216791,