{
  "experiment_id": "20250914_083100",
  "timestamp": "2025-09-14T08:32:20.665602",
  "model_name": "ensemble",
  "data_params": {
    "n_samples": 20000,
    "engineering_fraction_train": 0.5,
    "engineering_fraction_test": 0.2,
    "split_type": "random",
    "train_size": 16000,
    "test_size": 4000,
    "train_methods": {
      "natural": 8000,
      "igem_gfp_insertion": 1523,
      "gfp_insertion": 1474,
      "crispr_insertion": 1473,
      "tn5_insertion": 1262,
      "region_inversion": 982,
      "region_duplication": 946,
      "random_substitution": 340
    },
    "test_methods": {
      "natural": 3200,
      "crispr_insertion": 161,
      "gfp_insertion": 154,
      "tn5_insertion": 144,
      "igem_gfp_insertion": 140,
      "region_duplication": 89,
      "region_inversion": 77,
      "random_substitution": 35
    }
  },
  "model_params": {
    "n_estimators": 100,
    "baseline_names": [
      "kmer",
      "blast",
      "cnn"
    ],
    "feature_columns": [
      "kmer_pred",
      "kmer_proba",
      "blast_pred",
      "blast_proba",
      "cnn_pred",
      "cnn_proba"
    ],
    "optimal_threshold": 0.46,
    "test_split_ratio": 0.8
  },
  "results": {
    "overall": {
      "model": {
        "accuracy": 0.30875,
        "precision": 0.21052631578947367,
        "recall": 0.9171974522292994,
        "f1": 0.34244946492271106
      },
      "naive": {
        "accuracy": 0.6775,
        "precision": 0.1901840490797546,
        "recall": 0.19745222929936307,
        "f1": 0.19375
      },
      "positive_fraction": 0.19625
    },
    "by_engineering_method": {
      "model": {
        "accuracy": 0.30875,
        "precision": 0.21052631578947367,
        "recall": 0.9171974522292994,
        "f1": 0.34244946492271106
      },
      "naive": {
        "accuracy": 0.6775,
        "precision": 0.1901840490797546,
        "recall": 0.19745222929936307,
        "f1": 0.19375
      },
      "positive_fraction": 0.19625,
      "subgroups": {
        "model": {
          "igem_gfp_insertion": {
            "accuracy": 0.9166666666666666,
            "precision": 1.0,
            "recall": 0.9166666666666666,
            "f1": 0.9565217391304348,
            "n_samples": "24"
          },
          "tn5_insertion": {
            "accuracy": 0.8928571428571429,
            "precision": 1.0,
            "recall": 0.8928571428571429,
            "f1": 0.9433962264150944,
            "n_samples": "28"
          },
          "natural": {
            "accuracy": 0.16018662519440124,
            "precision": 0.0,
            "recall": 0.0,
            "f1": 0.0,
            "n_samples": "643"
          },
          "region_duplication": {
            "accuracy": 0.8947368421052632,
            "precision": 1.0,
            "recall": 0.8947368421052632,
            "f1": 0.9444444444444444,
            "n_samples": "19"
          },
          "crispr_insertion": {
            "accuracy": 0.9411764705882353,
            "precision": 1.0,
            "recall": 0.9411764705882353,
            "f1": 0.9696969696969697,
            "n_samples": "34"
          },
          "gfp_insertion": {
            "accuracy": 0.8666666666666667,
            "precision": 1.0,
            "recall": 0.8666666666666667,
            "f1": 0.9285714285714286,
            "n_samples": "30"
          },
          "random_substitution": {
            "accuracy": 1.0,
            "precision": 1.0,
            "recall": 1.0,
            "f1": 1.0,
            "n_samples": "10"
          },
          "region_inversion": {
            "accuracy": 1.0,
            "precision": 1.0,
            "recall": 1.0,
            "f1": 1.0,
            "n_samples": "12"
          }
        },
        "naive": {
          "igem_gfp_insertion": {
            "accuracy": 0.20833333333333334,
            "precision": 1.0,
            "recall": 0.20833333333333334,
            "f1": 0.3448275862068966,
            "n_samples": "24"
          },
          "tn5_insertion": {
            "accuracy": 0.14285714285714285,
            "precision": 1.0,
            "recall": 0.14285714285714285,
            "f1": 0.25,
            "n_samples": "28"
          },
          "natural": {
            "accuracy": 0.7947122861586314,
            "precision": 0.0,
            "recall": 0.0,
            "f1": 0.0,
            "n_samples": "643"
          },
          "region_duplication": {
            "accuracy": 0.21052631578947367,
            "precision": 1.0,
            "recall": 0.21052631578947367,
            "f1": 0.34782608695652173,
            "n_samples": "19"
          },
          "crispr_insertion": {
            "accuracy": 0.2647058823529412,
            "precision": 1.0,
            "recall": 0.2647058823529412,
            "f1": 0.4186046511627907,
            "n_samples": "34"
          },
          "gfp_insertion": {
            "accuracy": 0.16666666666666666,
            "precision": 1.0,
            "recall": 0.16666666666666666,
            "f1": 0.2857142857142857,
            "n_samples": "30"
          },
          "random_substitution": {
            "accuracy": 0.3,
            "precision": 1.0,
            "recall": 0.3,
            "f1": 0.46153846153846156,
            "n_samples": "10"
          },
          "region_inversion": {
            "accuracy": 0.08333333333333333,
            "precision": 1.0,
            "recall": 0.08333333333333333,
            "f1": 0.15384615384615385,
            "n_samples": "12"
          }
        }
      }
    },
    "by_length_bin": {
      "model": {
        "accuracy": 0.30875,
        "precision": 0.21052631578947367,
        "recall": 0.9171974522292994,
        "f1": 0.34244946492271106
      },
      "naive": {
        "accuracy": 0.6775,
        "precision": 0.1901840490797546,
        "recall": 0.19745222929936307,
        "f1": 0.19375
      },
      "positive_fraction": 0.19625,
      "subgroups": {
        "model": {
          "long": {
            "accuracy": 0.3170731707317073,
            "precision": 0.23148148148148148,
            "recall": 0.9615384615384616,
            "f1": 0.373134328358209,
            "n_samples": "123"
          },
          "medium": {
            "accuracy": 0.29471890971039183,
            "precision": 0.2035225048923679,
            "recall": 0.9369369369369369,
            "f1": 0.33440514469453375,
            "n_samples": "587"
          },
          "short": {
            "accuracy": 0.3888888888888889,
            "precision": 0.23076923076923078,
            "recall": 0.75,
            "f1": 0.35294117647058826,
            "n_samples": "90"
          }
        },
        "naive": {
          "long": {
            "accuracy": 0.6585365853658537,
            "precision": 0.16666666666666666,
            "recall": 0.15384615384615385,
            "f1": 0.16,
            "n_samples": "123"
          },
          "medium": {
            "accuracy": 0.6899488926746167,
            "precision": 0.2066115702479339,
            "recall": 0.22522522522522523,
            "f1": 0.21551724137931033,
            "n_samples": "587"
          },
          "short": {
            "accuracy": 0.6222222222222222,
            "precision": 0.1111111111111111,
            "recall": 0.1,
            "f1": 0.10526315789473684,
            "n_samples": "90"
          }
        }
      }
    },
    "by_virus_key": {
      "model": {
        "accuracy": 0.30875,
        "precision": 0.21052631578947367,
        "recall": 0.9171974522292994,
        "f1": 0.34244946492271106
      },
      "naive": {
        "accuracy": 0.6775,
        "precision": 0.1901840490797546,
        "recall": 0.19745222929936307,
        "f1": 0.19375
      },
      "positive_fraction": 0.19625,
      "subgroups": {
        "model": {
          "human_metapneumovirus_nc_0041482": {
            "accuracy": 0.3059360730593607,
            "precision": 0.2074468085106383,
            "recall": 0.9285714285714286,