{
  "experiment_id": "20250914_082557",
  "timestamp": "2025-09-14T08:27:19.707048",
  "model_name": "cnn",
  "data_params": {
    "n_samples": 20000,
    "engineering_fraction_train": 0.5,
    "engineering_fraction_test": 0.02,
    "split_type": "random",
    "train_size": 16000,
    "test_size": 4000,
    "train_methods": {
      "natural": 8000,
      "random_substitution": 8000
    },
    "test_methods": {
      "natural": 3920,
      "random_substitution": 80
    }
  },
  "model_params": {
    "max_len": 200,
    "epochs": 5,
    "batch_size": 32,
    "use_improved": false,
    "use_test_aware_weights": false,
    "optimal_threshold": 0.62
  },
  "results": {
    "overall": {
      "model": {
        "accuracy": 0.741,
        "precision": 0.02390438247011952,
        "recall": 0.3,
        "f1": 0.04428044280442804
      },
      "naive": {
        "accuracy": 0.9615,
        "precision": 0.02564102564102564,
        "recall": 0.025,
        "f1": 0.02531645569620253
      },
      "positive_fraction": 0.02
    },
    "by_engineering_method": {
      "model": {
        "accuracy": 0.741,
        "precision": 0.02390438247011952,
        "recall": 0.3,
        "f1": 0.04428044280442804
      },
      "naive": {
        "accuracy": 0.9615,
        "precision": 0.02564102564102564,
        "recall": 0.025,
        "f1": 0.02531645569620253
      },
      "positive_fraction": 0.02,
      "subgroups": {
        "model": {
          "natural": {
            "accuracy": 0.75,
            "precision": 0.0,
            "recall": 0.0,
            "f1": 0.0,
            "n_samples": "3920"
          },
          "random_substitution": {
            "accuracy": 0.3,
            "precision": 1.0,
            "recall": 0.3,
            "f1": 0.46153846153846156,
            "n_samples": "80"
          }
        },
        "naive": {
          "natural": {
            "accuracy": 0.9806122448979592,
            "precision": 0.0,
            "recall": 0.0,
            "f1": 0.0,
            "n_samples": "3920"
          },
          "random_substitution": {
            "accuracy": 0.025,
            "precision": 1.0,
            "recall": 0.025,
            "f1": 0.04878048780487805,
            "n_samples": "80"
          }
        }
      }
    },
    "by_length_bin": {
      "model": {
        "accuracy": 0.741,
        "precision": 0.02390438247011952,
        "recall": 0.3,
        "f1": 0.04428044280442804
      },
      "naive": {
        "accuracy": 0.9615,
        "precision": 0.02564102564102564,
        "recall": 0.025,
        "f1": 0.02531645569620253
      },
      "positive_fraction": 0.02,
      "subgroups": {
        "model": {
          "short": {
            "accuracy": 0.8839506172839506,
            "precision": 0.06666666666666667,
            "recall": 0.375,
            "f1": 0.11320754716981132,
            "n_samples": "405"
          },
          "medium": {
            "accuracy": 0.7414752957550452,
            "precision": 0.020891364902506964,
            "recall": 0.2727272727272727,
            "f1": 0.03880983182406209,
            "n_samples": "2874"
          },
          "long": {
            "accuracy": 0.6588072122052705,
            "precision": 0.024896265560165973,
            "recall": 0.35294117647058826,
            "f1": 0.046511627906976744,
            "n_samples": "721"
          }
        },
        "naive": {
          "short": {
            "accuracy": 0.9654320987654321,
            "precision": 0.125,
            "recall": 0.125,
            "f1": 0.125,
            "n_samples": "405"
          },
          "medium": {
            "accuracy": 0.9627696590118302,
            "precision": 0.018518518518518517,
            "recall": 0.01818181818181818,
            "f1": 0.01834862385321101,
            "n_samples": "2874"
          },
          "long": {
            "accuracy": 0.9542302357836339,
            "precision": 0.0,
            "recall": 0.0,
            "f1": 0.0,
            "n_samples": "721"
          }
        }
      }
    },
    "by_virus_key": {
      "model": {
        "accuracy": 0.741,
        "precision": 0.02390438247011952,
        "recall": 0.3,
        "f1": 0.04428044280442804
      },
      "naive": {
        "accuracy": 0.9615,
        "precision": 0.02564102564102564,
        "recall": 0.025,
        "f1": 0.02531645569620253
      },
      "positive_fraction": 0.02,
      "subgroups": {
        "model": {
          "human_coronavirus_oc43_nc_0062131": {
            "accuracy": 0.7545271629778671,
            "precision": 0.020833333333333332,
            "recall": 0.35714285714285715,
            "f1": 0.03937007874015748,
            "n_samples": "994"
          },
          "human_metapneumovirus_nc_0041482": {
            "accuracy": 0.7447698744769874,
            "precision": 0.01276595744680851,
            "recall": 0.2,
            "f1": 0.024,
            "n_samples": "956"
          },
          "human_rhinovirus_b_nc_0014901": {
            "accuracy": 0.7298105682951147,
            "precision": 0.019011406844106463,
            "recall": 0.2777777777777778,
            "f1": 0.03558718861209965,
            "n_samples": "1003"
          },
          "human_rhinovirus_a_nc_0014901": {
            "accuracy": 0.7354345749761223,
            "precision": 0.041353383458646614,
            "recall": 0.3333333333333333,
            "f1": 0.07357859531772576,
            "n_samples": "1047"
          }
        },
        "naive": {
          "human_coronavirus_oc43_nc_0062131": {
            "accuracy": 0.96579476861167,
            "precision": 0.0,
            "recall": 0.0,
            "f1": 0.0,
            "n_samples": "994"
          },
          "human_metapneumovirus_nc_0041482": {
            "accuracy": 0.9623430962343096,
            "precision": 0.0,
            "recall": 0.0,
            "f1": 0.0,
            "n_samples": "956"
          },
          "human_rhinovirus_b_nc_0014901": {
            "accuracy": 0.9720837487537388,
            "precision": 0.14285714285714285,
            "recall": 0.1111111111111111,
            "f1": 0.125,
            "n_samples": "1003"
          },
          "human_rhinovirus_a_nc_0014901": {
            "accuracy": 0.9465138490926457,
            "precision": 0.0,
            "recall": 0.0,
            "f1": 0.0,
            "n_samples": "1047"
          }
        }
      }
    },
    "by_virus_family": {
      "model": {
        "accuracy": 0.741,
        "precision": 0.02390438247011952,
        "recall": 0.3,
        "f1": 0.04428044280442804
      },
      "naive": {
        "accuracy": 0.9615,
        "precision": 0.02564102564102564,
        "recall": 0.025,
        "f1": 0.02531645569620253
      },
      "positive_fraction": 0.02,
      "subgroups": {
        "model": {
          "coronavirus": {
            "accuracy": 0.7545271629778671,
            "precision": 0.020833333333333332,
            "recall": 0.35714285714285715,
            "f1": 0.03937007874015748,
            "n_samples": "994"
          },
          "unknown": {
            "accuracy": 0.7534537725823592,
            "precision": 0.0,
            "recall": 0.0,
            "f1": 0.0,
            "n_samples": "941"
          },
          "picornavirus": {
            "accuracy": 0.7326829268292683,
            "precision": 0.030245746691871456,
            "recall": 0.3137254901960784,
            "f1": 0.05517241379310345,
            "n_samples": "2050"
          },
          "paramyxovirus": {
            "accuracy": 0.2,
            "precision": 1.0,
            "recall": 0.2,
            "f1": 0.3333333333333333,
            "n_samples": "15"
          }
        },
        "naive": {
          "coronavirus": {
            "accuracy": 0.96579476861167,
            "precision": 0.0,
            "recall": 0.0,
            "f1": 0.0,
            "n_samples": "994"
          },
          "unknown": {
            "accuracy": 0.9776833156216791,