{
  "experiment_id": "20250913_093035",
  "timestamp": "2025-09-13T09:31:05.754694",
  "model_name": "kmer",
  "data_params": {
    "n_samples": 20000,
    "engineering_fraction_train": 0.5,
    "engineering_fraction_test": 0.02,
    "methods": [
      "random_replacement",
      "codon_optimization",
      "motif_insertion"
    ],
    "train_size": 16000,
    "test_size": 4000
  },
  "model_params": {
    "k": 6,
    "max_features": 1000,
    "use_tfidf": false
  },
  "results": {
    "overall": {
      "model": {
        "accuracy": 0.771,
        "precision": 0.05907172995780591,
        "recall": 0.7
      },
      "naive": {
        "accuracy": 0.9625,
        "precision": 0.05128205128205128,
        "recall": 0.05
      },
      "positive_fraction": 0.02
    },
    "by_engineering_method": {
      "model": {
        "accuracy": 0.771,
        "precision": 0.05907172995780591,
        "recall": 0.7
      },
      "naive": {
        "accuracy": 0.9625,
        "precision": 0.05128205128205128,
        "recall": 0.05
      },
      "positive_fraction": 0.02,
      "subgroups": {
        "model": {
          "natural": {
            "accuracy": 0.7724489795918368,
            "precision": 0.0,
            "recall": 0.0,
            "n_samples": "3920"
          },
          "codon_optimization": {
            "accuracy": 0.9166666666666666,
            "precision": 1.0,
            "recall": 0.9166666666666666,
            "n_samples": "24"
          },
          "random_replacement": {
            "accuracy": 0.4,
            "precision": 1.0,
            "recall": 0.4,
            "n_samples": "30"
          },
          "motif_insertion": {
            "accuracy": 0.8461538461538461,
            "precision": 1.0,
            "recall": 0.8461538461538461,
            "n_samples": "26"
          }
        },
        "naive": {
          "natural": {
            "accuracy": 0.9811224489795919,
            "precision": 0.0,
            "recall": 0.0,
            "n_samples": "3920"
          },
          "codon_optimization": {
            "accuracy": 0.041666666666666664,
            "precision": 1.0,
            "recall": 0.041666666666666664,
            "n_samples": "24"
          },
          "random_replacement": {
            "accuracy": 0.03333333333333333,
            "precision": 1.0,
            "recall": 0.03333333333333333,
            "n_samples": "30"
          },
          "motif_insertion": {
            "accuracy": 0.07692307692307693,
            "precision": 1.0,
            "recall": 0.07692307692307693,
            "n_samples": "26"
          }
        }
      }
    },
    "by_length_bin": {
      "model": {
        "accuracy": 0.771,
        "precision": 0.05907172995780591,
        "recall": 0.7
      },
      "naive": {
        "accuracy": 0.9625,
        "precision": 0.05128205128205128,
        "recall": 0.05
      },
      "positive_fraction": 0.02,
      "subgroups": {
        "model": {
          "medium": {
            "accuracy": 0.7757615035644848,
            "precision": 0.058577405857740586,
            "recall": 0.711864406779661,
            "n_samples": "3086"
          },
          "long": {
            "accuracy": 0.8,
            "precision": 0.08536585365853659,
            "recall": 0.7,
            "n_samples": "390"
          },
          "short": {
            "accuracy": 0.7213740458015268,
            "precision": 0.04697986577181208,
            "recall": 0.6363636363636364,
            "n_samples": "524"
          }
        },
        "naive": {
          "medium": {
            "accuracy": 0.9627349319507453,
            "precision": 0.0625,
            "recall": 0.06779661016949153,
            "n_samples": "3086"
          },
          "long": {
            "accuracy": 0.9564102564102565,
            "precision": 0.0,
            "recall": 0.0,
            "n_samples": "390"
          },
          "short": {
            "accuracy": 0.9656488549618321,
            "precision": 0.0,
            "recall": 0.0,
            "n_samples": "524"
          }
        }
      }
    }
  },
  "user_notes": "Automated test run"
}