{
  "experiment_id": "20250914_083353",
  "timestamp": "2025-09-14T08:35:07.478019",
  "model_name": "kmer",
  "data_params": {
    "n_samples": 20000,
    "engineering_fraction_train": 0.5,
    "engineering_fraction_test": 0.2,
    "split_type": "random",
    "train_size": 16000,
    "test_size": 4000,
    "train_methods": {
      "natural": 8000,
      "igem_gfp_insertion": 1523,
      "gfp_insertion": 1474,
      "crispr_insertion": 1473,
      "tn5_insertion": 1262,
      "region_inversion": 982,
      "region_duplication": 946,
      "random_substitution": 340
    },
    "test_methods": {
      "natural": 3200,
      "crispr_insertion": 161,
      "gfp_insertion": 154,
      "tn5_insertion": 144,
      "igem_gfp_insertion": 140,
      "region_duplication": 89,
      "region_inversion": 77,
      "random_substitution": 35
    }
  },
  "model_params": {
    "k": 6,
    "max_features": 1000,
    "use_tfidf": false,
    "optimal_threshold": 0.13
  },
  "results": {
    "overall": {
      "model": {
        "accuracy": 0.23275,
        "precision": 0.20183968462549276,
        "recall": 0.96,
        "f1": 0.33355048859934855
      },
      "naive": {
        "accuracy": 0.681,
        "precision": 0.20398009950248755,
        "recall": 0.205,
        "f1": 0.20448877805486285
      },
      "positive_fraction": 0.2
    },
    "by_engineering_method": {
      "model": {
        "accuracy": 0.23275,
        "precision": 0.20183968462549276,
        "recall": 0.96,
        "f1": 0.33355048859934855
      },
      "naive": {
        "accuracy": 0.681,
        "precision": 0.20398009950248755,
        "recall": 0.205,
        "f1": 0.20448877805486285
      },
      "positive_fraction": 0.2,
      "subgroups": {
        "model": {
          "igem_gfp_insertion": {
            "accuracy": 0.9642857142857143,
            "precision": 1.0,
            "recall": 0.9642857142857143,
            "f1": 0.9818181818181818,
            "n_samples": "140"
          },
          "natural": {
            "accuracy": 0.0509375,
            "precision": 0.0,
            "recall": 0.0,
            "f1": 0.0,
            "n_samples": "3200"
          },
          "region_inversion": {
            "accuracy": 0.948051948051948,
            "precision": 1.0,
            "recall": 0.948051948051948,
            "f1": 0.9733333333333334,
            "n_samples": "77"
          },
          "tn5_insertion": {
            "accuracy": 0.9652777777777778,
            "precision": 1.0,
            "recall": 0.9652777777777778,
            "f1": 0.9823321554770318,
            "n_samples": "144"
          },
          "random_substitution": {
            "accuracy": 0.9714285714285714,
            "precision": 1.0,
            "recall": 0.9714285714285714,
            "f1": 0.9855072463768116,
            "n_samples": "35"
          },
          "crispr_insertion": {
            "accuracy": 0.9565217391304348,
            "precision": 1.0,
            "recall": 0.9565217391304348,
            "f1": 0.9777777777777777,
            "n_samples": "161"
          },
          "gfp_insertion": {
            "accuracy": 0.9545454545454546,
            "precision": 1.0,
            "recall": 0.9545454545454546,
            "f1": 0.9767441860465116,
            "n_samples": "154"
          },
          "region_duplication": {
            "accuracy": 0.9662921348314607,
            "precision": 1.0,
            "recall": 0.9662921348314607,
            "f1": 0.9828571428571429,
            "n_samples": "89"
          }
        },
        "naive": {
          "igem_gfp_insertion": {
            "accuracy": 0.29285714285714287,
            "precision": 1.0,
            "recall": 0.29285714285714287,
            "f1": 0.4530386740331492,
            "n_samples": "140"
          },
          "natural": {
            "accuracy": 0.8,
            "precision": 0.0,
            "recall": 0.0,
            "f1": 0.0,
            "n_samples": "3200"
          },
          "region_inversion": {
            "accuracy": 0.19480519480519481,
            "precision": 1.0,
            "recall": 0.19480519480519481,
            "f1": 0.32608695652173914,
            "n_samples": "77"
          },
          "tn5_insertion": {
            "accuracy": 0.2152777777777778,
            "precision": 1.0,
            "recall": 0.2152777777777778,
            "f1": 0.35428571428571426,
            "n_samples": "144"
          },
          "random_substitution": {
            "accuracy": 0.08571428571428572,
            "precision": 1.0,
            "recall": 0.08571428571428572,
            "f1": 0.15789473684210525,
            "n_samples": "35"
          },
          "crispr_insertion": {
            "accuracy": 0.16770186335403728,
            "precision": 1.0,
            "recall": 0.16770186335403728,
            "f1": 0.2872340425531915,
            "n_samples": "161"
          },
          "gfp_insertion": {
            "accuracy": 0.15584415584415584,
            "precision": 1.0,
            "recall": 0.15584415584415584,
            "f1": 0.2696629213483146,
            "n_samples": "154"
          },
          "region_duplication": {
            "accuracy": 0.25842696629213485,
            "precision": 1.0,
            "recall": 0.25842696629213485,
            "f1": 0.4107142857142857,
            "n_samples": "89"
          }
        }
      }
    },
    "by_length_bin": {
      "model": {
        "accuracy": 0.23275,
        "precision": 0.20183968462549276,
        "recall": 0.96,
        "f1": 0.33355048859934855
      },
      "naive": {
        "accuracy": 0.681,
        "precision": 0.20398009950248755,
        "recall": 0.205,
        "f1": 0.20448877805486285
      },
      "positive_fraction": 0.2,
      "subgroups": {
        "model": {
          "medium": {
            "accuracy": 0.2323750855578371,
            "precision": 0.20437432771602726,
            "recall": 0.9595959595959596,
            "f1": 0.33697901271061187,
            "n_samples": "2922"
          },
          "long": {
            "accuracy": 0.26307922272047835,
            "precision": 0.21197411003236247,
            "recall": 0.9562043795620438,
            "f1": 0.34701986754966885,
            "n_samples": "669"
          },
          "short": {
            "accuracy": 0.18581907090464547,
            "precision": 0.16834170854271358,
            "recall": 0.9710144927536232,
            "f1": 0.28693790149892934,
            "n_samples": "409"
          }
        },
        "naive": {
          "medium": {
            "accuracy": 0.6772758384668036,
            "precision": 0.1975736568457539,
            "recall": 0.1919191919191919,
            "f1": 0.19470538001707943,
            "n_samples": "2922"
          },
          "long": {
            "accuracy": 0.6890881913303438,
            "precision": 0.2204724409448819,
            "recall": 0.20437956204379562,
            "f1": 0.21212121212121213,
            "n_samples": "669"
          },
          "short": {
            "accuracy": 0.6943765281173594,
            "precision": 0.22,
            "recall": 0.3188405797101449,
            "f1": 0.2603550295857988,
            "n_samples": "409"
          }
        }
      }
    },
    "by_virus_key": {
      "model": {
        "accuracy": 0.23275,
        "precision": 0.20183968462549276,
        "recall": 0.96,
        "f1": 0.33355048859934855
      },
      "naive": {
        "accuracy": 0.681,
        "precision": 0.20398009950248755,
        "recall": 0.205,
        "f1": 0.20448877805486285
      },
      "positive_fraction": 0.2,
      "subgroups": {
        "model": {
          "human_rhinovirus_b_nc_0014901": {
            "accuracy": 0.27507163323782235,
            "precision": 0.242728184553661,
            "recall": 0.983739837398374,
            "f1": 0.3893805309734513,
            "n_samples": "1047"
          },