{
  "experiment_id": "20250914_083535",
  "timestamp": "2025-09-14T08:36:56.533356",
  "model_name": "blast",
  "data_params": {
    "n_samples": 20000,
    "engineering_fraction_train": 0.5,
    "engineering_fraction_test": 0.2,
    "split_type": "random",
    "train_size": 16000,
    "test_size": 4000,
    "train_methods": {
      "natural": 8000,
      "igem_gfp_insertion": 1523,
      "gfp_insertion": 1474,
      "crispr_insertion": 1473,
      "tn5_insertion": 1262,
      "region_inversion": 982,
      "region_duplication": 946,
      "random_substitution": 340
    },
    "test_methods": {
      "natural": 3200,
      "crispr_insertion": 161,
      "gfp_insertion": 154,
      "tn5_insertion": 144,
      "igem_gfp_insertion": 140,
      "region_duplication": 89,
      "region_inversion": 77,
      "random_substitution": 35
    }
  },
  "model_params": {
    "min_non_matching_bases": 39,
    "identity_threshold": 96.66126976030961,
    "evalue": 2.3,
    "word_size": 7,
    "max_target_seqs": 9,
    "max_hsps": 5,
    "use_soft_scoring": true,
    "apply_probability_adjustment": true,
    "optimal_threshold": 0.0
  },
  "results": {
    "overall": {
      "model": {
        "accuracy": 0.30675,
        "precision": 0.20993825345486622,
        "recall": 0.8925,
        "f1": 0.339919066888836
      },
      "naive": {
        "accuracy": 0.681,
        "precision": 0.20398009950248755,
        "recall": 0.205,
        "f1": 0.20448877805486285
      },
      "positive_fraction": 0.2
    },
    "by_engineering_method": {
      "model": {
        "accuracy": 0.30675,
        "precision": 0.20993825345486622,
        "recall": 0.8925,
        "f1": 0.339919066888836
      },
      "naive": {
        "accuracy": 0.681,
        "precision": 0.20398009950248755,
        "recall": 0.205,
        "f1": 0.20448877805486285
      },
      "positive_fraction": 0.2,
      "subgroups": {
        "model": {
          "igem_gfp_insertion": {
            "accuracy": 0.8714285714285714,
            "precision": 1.0,
            "recall": 0.8714285714285714,
            "f1": 0.9312977099236641,
            "n_samples": "140"
          },
          "natural": {
            "accuracy": 0.1603125,
            "precision": 0.0,
            "recall": 0.0,
            "f1": 0.0,
            "n_samples": "3200"
          },
          "region_inversion": {
            "accuracy": 0.9090909090909091,
            "precision": 1.0,
            "recall": 0.9090909090909091,
            "f1": 0.9523809523809523,
            "n_samples": "77"
          },
          "tn5_insertion": {
            "accuracy": 0.9444444444444444,
            "precision": 1.0,
            "recall": 0.9444444444444444,
            "f1": 0.9714285714285714,
            "n_samples": "144"
          },
          "random_substitution": {
            "accuracy": 1.0,
            "precision": 1.0,
            "recall": 1.0,
            "f1": 1.0,
            "n_samples": "35"
          },
          "crispr_insertion": {
            "accuracy": 0.8881987577639752,
            "precision": 1.0,
            "recall": 0.8881987577639752,
            "f1": 0.9407894736842105,
            "n_samples": "161"
          },
          "gfp_insertion": {
            "accuracy": 0.8441558441558441,
            "precision": 1.0,
            "recall": 0.8441558441558441,
            "f1": 0.9154929577464789,
            "n_samples": "154"
          },
          "region_duplication": {
            "accuracy": 0.8764044943820225,
            "precision": 1.0,
            "recall": 0.8764044943820225,
            "f1": 0.9341317365269461,
            "n_samples": "89"
          }
        },
        "naive": {
          "igem_gfp_insertion": {
            "accuracy": 0.29285714285714287,
            "precision": 1.0,
            "recall": 0.29285714285714287,
            "f1": 0.4530386740331492,
            "n_samples": "140"
          },
          "natural": {
            "accuracy": 0.8,
            "precision": 0.0,
            "recall": 0.0,
            "f1": 0.0,
            "n_samples": "3200"
          },
          "region_inversion": {
            "accuracy": 0.19480519480519481,
            "precision": 1.0,
            "recall": 0.19480519480519481,
            "f1": 0.32608695652173914,
            "n_samples": "77"
          },
          "tn5_insertion": {
            "accuracy": 0.2152777777777778,
            "precision": 1.0,
            "recall": 0.2152777777777778,
            "f1": 0.35428571428571426,
            "n_samples": "144"
          },
          "random_substitution": {
            "accuracy": 0.08571428571428572,
            "precision": 1.0,
            "recall": 0.08571428571428572,
            "f1": 0.15789473684210525,
            "n_samples": "35"
          },
          "crispr_insertion": {
            "accuracy": 0.16770186335403728,
            "precision": 1.0,
            "recall": 0.16770186335403728,
            "f1": 0.2872340425531915,
            "n_samples": "161"
          },
          "gfp_insertion": {
            "accuracy": 0.15584415584415584,
            "precision": 1.0,
            "recall": 0.15584415584415584,
            "f1": 0.2696629213483146,
            "n_samples": "154"
          },
          "region_duplication": {
            "accuracy": 0.25842696629213485,
            "precision": 1.0,
            "recall": 0.25842696629213485,
            "f1": 0.4107142857142857,
            "n_samples": "89"
          }
        }
      }
    },
    "by_length_bin": {
      "model": {
        "accuracy": 0.30675,
        "precision": 0.20993825345486622,
        "recall": 0.8925,
        "f1": 0.339919066888836
      },
      "naive": {
        "accuracy": 0.681,
        "precision": 0.20398009950248755,
        "recall": 0.205,
        "f1": 0.20448877805486285
      },
      "positive_fraction": 0.2,
      "subgroups": {
        "model": {
          "medium": {
            "accuracy": 0.3069815195071869,
            "precision": 0.21345614737685223,
            "recall": 0.8973063973063973,
            "f1": 0.34487220964089293,
            "n_samples": "2922"
          },
          "long": {
            "accuracy": 0.3109118086696562,
            "precision": 0.2137809187279152,
            "recall": 0.8832116788321168,
            "f1": 0.3442389758179232,
            "n_samples": "669"
          },
          "short": {
            "accuracy": 0.2982885085574572,
            "precision": 0.17751479289940827,
            "recall": 0.8695652173913043,
            "f1": 0.29484029484029484,
            "n_samples": "409"
          }
        },
        "naive": {
          "medium": {
            "accuracy": 0.6772758384668036,
            "precision": 0.1975736568457539,
            "recall": 0.1919191919191919,
            "f1": 0.19470538001707943,
            "n_samples": "2922"
          },
          "long": {
            "accuracy": 0.6890881913303438,
            "precision": 0.2204724409448819,
            "recall": 0.20437956204379562,
            "f1": 0.21212121212121213,
            "n_samples": "669"
          },
          "short": {
            "accuracy": 0.6943765281173594,
            "precision": 0.22,
            "recall": 0.3188405797101449,
            "f1": 0.2603550295857988,
            "n_samples": "409"
          }
        }
      }
    },
    "by_virus_key": {
      "model": {
        "accuracy": 0.30675,
        "precision": 0.20993825345486622,
        "recall": 0.8925,
        "f1": 0.339919066888836
      },
      "naive": {
        "accuracy": 0.681,
        "precision": 0.20398009950248755,
        "recall": 0.205,
        "f1": 0.20448877805486285
      },
      "positive_fraction": 0.2,
      "subgroups": {
        "model": {
          "human_rhinovirus_b_nc_0014901": {
            "accuracy": 0.34097421203438394,
            "precision": 0.24943566591422123,
            "recall": 0.8983739837398373,