{
  "experiment_id": "20250913_232643",
  "timestamp": "2025-09-13T23:28:00.308721",
  "model_name": "blast",
  "data_params": {
    "n_samples": 20000,
    "engineering_fraction_train": 0.5,
    "engineering_fraction_test": 0.02,
    "split_type": "random",
    "train_size": 16000,
    "test_size": 4000,
    "train_methods": {
      "natural": 8000,
      "igem_gfp_insertion": 1523,
      "gfp_insertion": 1474,
      "crispr_insertion": 1473,
      "tn5_insertion": 1262,
      "region_inversion": 982,
      "region_duplication": 946,
      "random_substitution": 340
    },
    "test_methods": {
      "engineered": 2023,
      "unknown": 1977
    }
  },
  "model_params": {
    "min_non_matching_bases": 30
  },
  "results": {
    "overall": {
      "model": {
        "accuracy": 0.505,
        "precision": 0.513879922530665,
        "recall": 0.393475037073653
      },
      "naive": {
        "accuracy": 0.50225,
        "precision": 0.5079129574678536,
        "recall": 0.5076618882847257
      },
      "positive_fraction": 0.50575
    },
    "by_engineering_method": {
      "model": {
        "accuracy": 0.505,
        "precision": 0.513879922530665,
        "recall": 0.393475037073653
      },
      "naive": {
        "accuracy": 0.50225,
        "precision": 0.5079129574678536,
        "recall": 0.5076618882847257
      },
      "positive_fraction": 0.50575,
      "subgroups": {
        "model": {
          "unknown": {
            "accuracy": 0.6191198786039454,
            "precision": 0.0,
            "recall": 0.0,
            "n_samples": "1977"
          },
          "engineered": {
            "accuracy": 0.393475037073653,
            "precision": 1.0,
            "recall": 0.393475037073653,
            "n_samples": "2023"
          }
        },
        "naive": {
          "unknown": {
            "accuracy": 0.49671219018715224,
            "precision": 0.0,
            "recall": 0.0,
            "n_samples": "1977"
          },
          "engineered": {
            "accuracy": 0.5076618882847257,
            "precision": 1.0,
            "recall": 0.5076618882847257,
            "n_samples": "2023"
          }
        }
      }
    },
    "by_length_bin": {
      "model": {
        "accuracy": 0.505,
        "precision": 0.513879922530665,
        "recall": 0.393475037073653
      },
      "naive": {
        "accuracy": 0.50225,
        "precision": 0.5079129574678536,
        "recall": 0.5076618882847257
      },
      "positive_fraction": 0.50575,
      "subgroups": {
        "model": {
          "medium": {
            "accuracy": 0.512218963831867,
            "precision": 0.5263598326359833,
            "recall": 0.4032051282051282,
            "n_samples": "3069"
          },
          "short": {
            "accuracy": 0.5018315018315018,
            "precision": 0.4786729857819905,
            "recall": 0.3840304182509506,
            "n_samples": "546"
          },
          "long": {
            "accuracy": 0.45194805194805193,
            "precision": 0.46153846153846156,
            "recall": 0.33,
            "n_samples": "385"
          }
        },
        "naive": {
          "medium": {
            "accuracy": 0.5073313782991202,
            "precision": 0.5152671755725191,
            "recall": 0.5192307692307693,
            "n_samples": "3069"
          },
          "short": {
            "accuracy": 0.4945054945054945,
            "precision": 0.4752851711026616,
            "recall": 0.4752851711026616,
            "n_samples": "546"
          },
          "long": {
            "accuracy": 0.4727272727272727,
            "precision": 0.4919786096256685,
            "recall": 0.46,
            "n_samples": "385"
          }
        }
      }
    },
    "by_virus_key": {
      "model": {
        "accuracy": 0.505,
        "precision": 0.513879922530665,
        "recall": 0.393475037073653
      },
      "naive": {
        "accuracy": 0.50225,
        "precision": 0.5079129574678536,
        "recall": 0.5076618882847257
      },
      "positive_fraction": 0.50575,
      "subgroups": {
        "model": {
          "ged_test": {
            "accuracy": 0.505,
            "precision": 0.513879922530665,
            "recall": 0.393475037073653,
            "n_samples": "4000"
          }
        },
        "naive": {
          "ged_test": {
            "accuracy": 0.50225,
            "precision": 0.5079129574678536,
            "recall": 0.5076618882847257,
            "n_samples": "4000"
          }
        }
      }
    },
    "by_virus_family": {
      "model": {
        "accuracy": 0.505,
        "precision": 0.513879922530665,
        "recall": 0.393475037073653
      },
      "naive": {
        "accuracy": 0.50225,
        "precision": 0.5079129574678536,
        "recall": 0.5076618882847257
      },
      "positive_fraction": 0.50575,
      "subgroups": {
        "model": {
          "unknown": {
            "accuracy": 0.505,
            "precision": 0.513879922530665,
            "recall": 0.393475037073653,
            "n_samples": "4000"
          }
        },
        "naive": {
          "unknown": {
            "accuracy": 0.50225,
            "precision": 0.5079129574678536,
            "recall": 0.5076618882847257,
            "n_samples": "4000"
          }
        }
      }
    }
  },
  "user_notes": "Automated test run"
}